answer,gold
204,204
44,113
359,371
16,385
110,110
104,104
721,721
25,025
809,809
116,116
104,104
294,294
540,540
287,197
880,480
73,073
468,468
601,601
23,023
321,321
211,211
9,315
236,236
45,045
33,033
80,080
55,055
699,699
"anintegerorsimplefraction.Giventhatthetorushasmajorradius6minorradius3,thespherehasradius11,whenthetorusisrestingonthesphere,thecirclesoftangencywouldhaveradiirelatedtothedistancesfromthecenterofthespheretothetorus.Letmeassumethatthedistancebetweenthecentersissuchthatthesphereistangenttothetorus.Letmedenotethisdistance0Forthespheretobetangenttothetorus,theremustbepointwheretheytouch.Thedistancefromthecenterofthespheretothepointoftangencyis11,thedistancefromthecenterofthetorustothepointoftangencyis6Thedistancebetweenthecentersis,thedistancefromthecenterofthespheretothepointoftangencyis11,so11+6=17or|11-6|=5If17,thedistancefromthecenterofthespheretothepointoftangencyis17,thedistancefromthecenterofthetorustothepointoftangencyis6Theradiusofthecircleoftangencywouldbethedistancefromthecenterofthespheretothepointoftangency,whichis11,butthisissinglepoint.Thissuggeststhatthecircleoftangencyhasradius11,butthisisnotpossible.Alternatively,ifthedistancebetweencentersis5,thenthedistancefromthecenterofthetorustothepointoftangencyis6,fromthesphere'centeris5,whichwouldimplythepointoftangencyisinsidethesphere,whichisnotpossible.Thissuggeststhattheproblemiscomplexrequiresdifferentapproach,possiblyusingthegeometryofthetorusthesphere.Letmerecallthatthetoruscanbeviewedsurfaceofrevolution,thesphereisalsosurfaceofrevolution.Theintersectionofspheretoruscanbecircle,theradiiofthesecirclescanbefoundusingthePythagoreantheorem.Letmeconsiderthecross-sectionofthetorusthesphereinplanecontainingtheaxisofthetorusthecenterofthesphere.Inthisplane,thetorusappearscircleofradius6,thesphereappearscircleofradius11Thedistancebetweenthecentersis0Thepointsofintersectionwouldbewherethesecirclesmeet.Theradiusofthecircleofintersectioninthisplanewouldbethesametheradiusofthecircleoftangency,butthisissinglepoint.However,theproblemmentionstwocircles,r_ir_o,whichsuggeststhattheretwodifferentcirclesofintersection,onefortheinnerpartofthetorusonefortheouterpart.Letmeconsidertheinnerouterradiiofthetorus.Theinnerradiusis6-3=3,theouterradiusis6+3=9Ifthesphereistangenttothetorusattheseradii,thenthedistancefromthecenterofthespheretotheinneroutercircleswouldbe11Letmeassumethatthedistancefromthecenterofthespheretothecenterofthetorusis0Theinnercircleofthetorusisatdistance3fromtheaxisofthetorus,theoutercircleisatdistance9fromtheaxis.Thedistancefromthecenterofthespheretothesecircleswouldbesqrt(d²+3²)sqrt(d²+9²),respectively.Forthesetobeequaltotheradiusofthesphere,11,wehave:sqrt(d²+9)=11=>d²+9=121=>d²=112=>sqrt(112)=4*sqrt(7)sqrt(d²+81)=11=>d²+81=121=>d²=40=>2*sqrt(10)Butthesetwodifferentvaluesof,whichsuggeststhatthedistancebetweencentersisdifferentforeachcircle.Thisispossibleifthesphereistangenttoboththeinneroutercirclesofthetorusatdifferentdistances.However,theproblemstatesthatthetorusrestsontheoutsideofthesphere,implyingthatthedistancebetweencentersissuchthatthetorusisoutsidethesphere.Letmeassumethatthedistancefromthecenterofthespheretotheoutercircleofthetorusis11,so:sqrt(d²+9²)=11=>sqrt(11²-9²)=sqrt(121-81)=sqrt(40)=2*sqrt(10)Similarly,thedistancefromthecenterofthespheretotheinnercircleofthetoruswouldbesqrt(d²+3²)=sqrt(40+9)=sqrt(49)=7Thissuggeststhattheinnercircleisatdistance7fromthesphere'center,theoutercircleisatdistance11However,theproblemmentionsr_ir_o,whichtheradiiofthecirclesoftangency.Iftheinnercircleisatdistance7fromthesphere'center,itsradiuswouldbesqrt(11²-7²)=sqrt(121-49)=sqrt(72)=6*sqrt(2).Similarly,theoutercircleisatdistance11,soitsradiusiszero.Thisdoesn'makesense.Wait,thisapproachisalsoflawed.Letmethinkagain.Ifthetorusistangenttothesphere,thecircleoftangencyliesonboththespherethetorus.Theradiusofthiscirclecanbefoundusingthedistancefromthecenterofthespheretotheplaneofthecircle,thedistancefromthecenterofthetorustotheplaneofthecircle.Letmeassumethatthedistancefromthecenterofthespheretotheplaneofthecircleis,thedistancefromthecenterofthetorustotheplaneofthecircleisk.Thedistancebetweenthecentersis,therelationshipbetween,k,issuchthatk=or|k|=0Theradiusofthecircleonthesphereisr=sqrt(11²-h²).Theradiusofthecircleonthetorusisr=sqrt(3²-k²)iftheplaneisatdistancekfromtheaxisofthetorus.Wait,thisissimilartothepreviousapproach.Buttheaxisofthetorusisatdistance6fromthecenterofthegeneratingcircle,butthedistancefromthecenterofthetorustotheaxisiszero?No,thecenterofthetorusisthecenterofthegeneratingcircle,whichisatdistance6fromtheaxisofrevolution.Wait,no,theaxisofrevolutionisatdistance6fromthecenterofthegeneratingcircle.Thecenterofthetorusisthecenterofthegeneratingcircle,sothedistancefromthecenterofthetorustotheaxisofrevolutionis6Therefore,thedistancefromtheaxisofthetorustotheplaneofthecircleisk,thedistancefromthecenterofthetorustotheplaneis6-kor6+k.Letmeassumethatthedistancefromthecenterofthetorustotheplaneis6-k,thedistancefromthecenterofthespheretotheplaneis0Then,thedistancebetweenthecentersis|(6-k)|or(6-k),dependingonthedirection.Thisisgettingtoocomplex,butletmetrytosetuptheequations.Forthecircleoftangency,wehave:r=sqrt(11²-h²)=sqrt(3²-k²)Andthedistancebetweencentersisrelatedtok.Let'assumetheplaneisbetweenthesphere'centerthetorus'center,so(6-k).Butthisistoomanyvariables.Letmeassumethatthedistancebetweencentersis,theplaneisatdistancekfromtheaxisofthetorus.Then,thedistancefromthesphere'centertotheplaneiskork.Let'takek.Then,wehave:sqrt(11²-(k)^2)=sqrt(3²-k²)Squaringbothsides:121-(k)^2=9-k²Exping:121-d²+2dk-k²=9-k²Simplify:121-d²+2dk=92dk=9-121+d²2dk=d²-112k=(d²-112)/(2d)Now,theradiusrissqrt(9-k²).Tofindr_ir_o,weneedtoconsiderthetwopossiblecirclesoftangency.However,thisequationhasonesolutionforkforgiven0Tohavetwocircles,theremustbetwovaluesof,butthisisnotclear.Letmeassumethatthetorusistangenttothesphereattwodifferentcircles,correspondingtotheinnerouterradiiofthetorus.Fortheinnerradius,thedistancefromtheaxisofthetorustotheplaneisk=3,fortheouterradius,k=9Letmecheckifthesevaluesofksatisfytheequation.Fork=3:k=(d²-112)/(2d)=3d²-112=6dd²-6d-112=0Solving:[6±sqrt(36+448)]/2=[6±sqrt(484)]/2=[6±22]/2Positivesolution:(6+22)/2=28/2=14Negativesolution:(6-22)/2=-9,discard.So,14Fork=9:k=(d²-112)/(2d)=9d²-112=18dd²-18d-112=0Solving:[18±sqrt(324+448)]/2=[18±sqrt(772)]/2=[18±2*sqrt(193)]/2=9±sqrt(193)Butsqrt(193)isapproximately13.89,sopositivesolutionis9+13.89≈22.89,negativeisnegative.Therefore,fork=3,14,fork=9,22.89Now,let'computetheradiir_ir_o.Fork=3,r=sqrt(9-9)=0,whichissinglepoint.Fork=9,r=sqrt(9-81)=sqrt(-72),whichisimaginary.Thissuggeststhatonlyonecircleexists,whichcontradictstheproblemstatement.Thisindicatesthattheassumptionaboutkbeing3or9isincorrect.Instead,thevaluesofkdeterminedtheequationk=(d²-112)/(2d),theradiirsqrt(9-k²).Tohaverealradii,9-k²≥0=>k²≤9=>|k|≤3Butfromtheequationk=(d²-112)/(2d),ifkmustbebetween-33,then:-3≤(d²-112)/(2d)≤3Letmesolvefor0First,let'considerthecasewherekispositive,so0≤k≤3Then,0≤(d²-112)/(2d)≤3Letmesolve(d²-112)/(2d)≥0(d²-112)/(2d)≤3First,(d²-112)/(2d)≥0:Thisinequalityholdswhend²-1122dhavethesamesign.Case1:0Then,d²-112≥0=>sqrt(112)≈10.583Case2:0Then,d²-112≤0=>-sqrt(112).Butsincethedistancebetweencentersispositive,0,soonlyCase1isrelevant.Now,theinequality:(d²-112)/(2d)≤3Multiplybothsides2d(positive,soinequalitysignremains):d²-112≤6dd²-6d-112≤0Solvingd²-6d-112=0:[6±sqrt(36+448)]/2=[6±sqrt(484)]/2=[6±22]/2Positivesolution:(6+22)/2=14,negativesolution:(6-22)/2=-9Theinequalityd²-6d-112≤0holdsforbetween-914Since0,itholdsfor0<14Therefore,combiningwiththefirstinequality,mustsatisfysqrt(112)≈10.583≤14Therefore,forin[10.583,14],k=(d²-112)/(2d)isbetween03,theradiusr=sqrt(9-k²)isreal.Now,theproblemstatesthatwhenthetorusrestsontheoutsideofthesphere,itisexternallytangentalongtwocircleswithradiir_ir_o.Thissuggeststhattheretwodifferentvaluesof,butaccordingtotheabove,foreachin[10.583,14],thereisonevalueofkonevalueofr.Thissuggeststhatthereisrangeofpossibletangencycircles,buttheproblemmentionstwospecificradiir_ir_o.Perhapsr_ir_ocorrespondtothemaximumminimumpossiblevaluesofrinthisrange.Letmefindthemaximumminimumofr=sqrt(9-k²),wherek=(d²-112)/(2d)[sqrt(112),14].Tofindthemaximumminimumofr,wecanexpressrintermsof0Letmecomputer²=9-k²=9-[(d²-112)/(2d)]².Letmesimplifythisexpression:Letmedenotek=(d²-112)/(2d)=(/2-56/).Then,k²=(/2-56/)²=d²/4-2*(/2)*(56/)+(56/)^2=d²/4-56+3136/d².Therefore,r²=9-(d²/4-56+3136/d²)=9-d²/4+56-3136/d²=65-d²/4-3136/d².Tofindthemaximumminimumofr²,wecantakederivativeswithrespecttofindcriticalpoints.Letmeletf()=65-d²/4-3136/d².Tofindthecriticalpoints,takederivativef'():f'()=-(2d)/4+(6272)/d³=-/2+6272/d³.Setf'()=0:-/2+6272/d³=0Multiplybothsidesd³:-^4/2+6272=0=>^4/2=6272=>^4=12544=>(12544)^(1/4)=(2^2*3136)^(1/4)=(2^2*2^10)^(1/4)=(2^12)^(1/4)=2^3=8Wait,3136is56²,12544=56²*4=(56*2)^2=112².So,^4=112²=>d²=112=>sqrt(112)≈10.583Butearlier,wehad[10.583,14].So,thecriticalpointisatsqrt(112),whichistheboundaryoftheinterval.Thissuggeststhatthefunctionf()hasitsmaximumattheendpointsoftheinterval.Letmeevaluatef()atsqrt(112)14Atsqrt(112):f()=65-(112)/4-3136/(112)=65-28-28=65-56=9So,r²=9=>r=3At14:f()=65-(14²)/4-3136/(14²)=65-196/4-3136/196=65-49-16=0So,r²=0=>r=0Thissuggeststhatfromsqrt(112)to14,rfrom3to0Therefore,thepossibleradiiofthecirclesoftangencyrangefrom0to3However,theproblemmentionstworadiir_ir_o,whichsuggeststhattheretwodistinctvalues.Thismightbeduetothefactthatthetoruscanbetangenttothesphereintwodifferent,butaccordingtothis,it'continuousrange.However,theproblemstatesthatwhenthetorusrestsontheoutsideofthesphere,itisexternallytangentalongtwocircles.Thismightrefertotheinneroutercirclesofthetorus,butinourcalculation,themaximumris3(whichistheinnerradiusofthetorus)theminimumis0Thissuggeststhatr_i=3r_o=0,butthedifferencewouldbe3-0=3,whichisnotfraction/nwith+n=4,buttheproblemlikelyexpectsdifferentanswer.Alternatively,perhapstheradiir_ir_otheradiiofthecircleswherethesphereistangenttotheinnerouterpartsofthetorus,butcalculateddifferently.Letmeconsidertheinnerouterradiiofthetorus.Theinnerradiusis6-3=3,theouterradiusis6+3=9Ifthesphereistangenttothetorusattheseradii,thenthedistancefromthecenterofthespheretothecenterofthetoruswouldbesuchthatthedistancefromthecenterofthespheretotheinner/outercircleis11Letmeassumethatthedistancefromthecenterofthespheretothecenterofthetorusis0Theinnercirclehasradius3,sothedistancefromthecenterofthespheretothecenteroftheinnercircleis11,thedistancefromthecenterofthetorustothecenteroftheinnercircleis3UsingthePythagoreantheorem,ifthedistancebetweencentersis,then:d²+3²=11²=>d²=121-9=112=>sqrt(112).Similarly,fortheoutercircle,thedistancefromthecenterofthespheretotheoutercircleis11,thedistancefromthecenterofthetorustotheoutercircleis9,so:d²+9²=11²=>d²=121-81=40=>sqrt(40).Butthesetwodifferentdistances,whichcorrespondtotwodifferentcirclesoftangency.Therefore,theradiiofthecircleswouldbethedistancefromthecenterofthespheretothecircle,whichis11,thedistancefromthecenterofthetorustothecircle,whichis3or9Butthisdoesn'makesense.Wait,no.Theradiusofthecircleoftangencyisnot11or3or9Theradiusofthecircleoftangencyistheradiusofthecirclewherethespherethetorusmeet.Fortheinnercircle,theradiusofthecirclewouldbecalculatedfollows:ifthedistancefromthecenterofthespheretotheplaneofthecircleis,thedistancefromthecenterofthetorustotheplaneisk,thentheradiusr=sqrt(11²-h²)=sqrt(3²-k²).Iftheinnercircleisatdistance3fromtheaxisofthetorus,thenk=3,thedistancefromthecenterofthetorustotheplaneis3,thedistancefromthecenterofthespheretotheplaneis3,whereisthedistancebetweencenters.Also,thedistancefromthecenterofthespheretotheplaneissqrt(11²-r²).Thisisgettingtootangled.GiventhetimeI'vespentthelackofprogress,Iwilltrytousethepreviousresultwherethemaximumris3minimumis0,buttheproblemasksforr_i-r_o.Ifr_i=3r_o=0,thedifferenceis3,whichis3/1,so+n=4Butthisislikelyincorrect.Alternatively,iftheradiicalculatedthedistancefromthecenterofthespheretothecircle,whichis11,butthisisnotpossible.Wait,letmerecallthatintheearliercalculation,when14,theradiusr=0,whensqrt(112),r=3Theproblemmightbereferringtothesetwovalues,sor_i=3r_o=0,givingdifferenceof3Buttheproblemsays""whenTrestsontheoutsideofS,itisexternallytangenttoSalongcirclewithradiusr_i,whenTrestsontheoutsideofS,itisexternallytangenttoSalongcirclewithradiusr_o.""Thissuggeststhattheretwodifferentcirclesoftangencywhenthetorusisrestingontheoutsideofthesphere,whichmightcorrespondtotheinneroutercirclesofthetorus.However,theinnercirclehasradius3theouterhas9,buthowdoesthisrelatetothesphere?Ifthetorusisrestingontheoutsideofthesphere,theoutercircleofthetorus(radius9)wouldbetangenttothesphere.Thedistancefromthecenterofthespheretothecenterofthetorusis,thedistancefromthecenterofthespheretotheoutercircleis11,thedistancefromthecenterofthetorustotheoutercircleis9UsingthePythagoreantheorem,ifthedistancebetweencentersis,then:d²+9²=11²=>d²=121-81=40=>2*sqrt(10).Similarly,fortheinnercircle,thedistancefromthecenterofthespheretotheinnercircleis11,thedistancefromthecenterofthetorustotheinnercircleis3,so:d²+3²=11²=>d²=121-9=112=>4*sqrt(7).Butthesetwodifferentdistances,whichsuggeststhatthetoruscanrestontheoutsideofthesphereintwodifferent,resultingintwodifferentcirclesoftangency.Theradiiofthesecircles93,buttheproblemasksforr_i-r_o,whichwouldbe9-3=6However,thisiswhole,theproblemstatesthatthedifferencecanbewritten/n,so6=6/1,+n=7ButI'notsure.Alternatively,theradiiofthecirclesoftangencynot39,butsomethingelse.Letmecalculatetheradiiofthecirclesoftangencyinthesetwocases.Forthecasewherethedistancebetweencentersis2*sqrt(10),theoutercircleofthetorusisatdistance9fromtheaxisofthetorus.Theradiusofthecircleoftangencyonthesphereisr=sqrt(11²-h²),whereisthedistancefromthesphere'centertotheplaneofthecircle.Iftheplaneisatdistancek=9fromtheaxisofthetorus,thedistancebetweencentersis2*sqrt(10),thenk=2*sqrt(10)-9Butthisisnegative,whichisnotpossible.Therefore,thissuggeststhattheplaneisontheotherside,sok-9-2*sqrt(10).Then,theradiusr=sqrt(11²-(9-2*sqrt(10))²).Letmecalculatethis:(9-2*sqrt(10))²=81-36*sqrt(10)+40=121-36*sqrt(10)Then,r=sqrt(121-(121-36*sqrt(10))=sqrt(36*sqrt(10))=6*(10)^{1/4},whichisnotrational0Thissuggeststhatthisapproachisincorrect.GiventhetimeI'vespentthelackofprogress,Iwillreferbacktotheearliercalculationwherethemaximumris3minimumis0,assumethattheproblemmighthavetypo,thecorrectansweris3,giving+n=4However,thisisguess.Alternatively,letmerecallthatintheequationr=sqrt(9-k²),wherek=(d²-112)/(2d),thepossiblevaluesofrfrom0to3Iftheproblemreferstothemaximumminimumpossibler,thenr_i=3r_o=0,givingdifferenceof3,whichis3/1,so3+1=4ButI'notsure.However,theproblemsays""whenTrestsontheoutsideofS,itisexternallytangenttoSalongcirclewithradiusr_i,whenTrestsontheoutsideofS,itisexternallytangenttoSalongcirclewithradiusr_o.""Thissuggeststhattheretwodifferentcirclesoftangencywhenthetorusisrestingontheoutsideofthesphere,whichmightcorrespondtotheinneroutercirclesofthetorus.Iftheinnercirclehasradius3theouterhas9,butthesphereistangenttothem,thedifferencewouldbe9-3=6However,thisisguess.GiventhetimeI'vespentthelackofbetterapproach,Iwillgowiththeanswer6,whichis6/1,giving+n=7ButI'notconfident.Wait,letmethinkagain.Ifthetorusisrestingontheoutsideofthesphere,thedistancebetweencentersissuchthatthesphereistangenttotheouterpartofthetorus.Theouterradiusofthetorusis9,sothedistancefromthecenterofthespheretotheouterpartis11,thedistancefromthecenterofthetorustotheouterpartis9Therefore,thedistancebetweencentersis11-9=2?No,thisisnotcorrect.Ifthesphereisoutsidethetorus,thedistancebetweencenterswouldbe11+9=20Butthisisjustguess.Ifthedistancebetweencentersis11+9=20,thentheradiusofthecircleoftangencywouldbe0,whichisnothelpful.IthinkIneedtogiveuplookforthecorrectapproach.Letmerecallthatintheequationofthetorus,whenitistangenttothesphere,theradiusofthecircleoftangencycanbefoundusingtheformular=sqrt(R²-()^2),whereRisthesphere'radius,isthedistancebetweencenters,isthemajorradiusofthetorus.Butthisisjustguess",127
2,902
